username;firstname;lastname;email;password
elias;Elias;Müller;elias.mueller@example.com;Eiwoa0Ou!
emil;Emil;Schmidt;emil.schmidt@example.com;aiquah4V!
liam;Liam;Fischer;liam.fischer@example.com;oGh5ooph!
theo;Theo;Weber;theo.weber@example.com;ahy9Eeh4!
felix;Felix;Meyer;felix.meyer@example.com;Quie5ahm!
paul;Paul;Wagner;paul.wagner@example.com;oP3AiRu4!
anton;Anton;Becker;anton.becker@example.com;Hexio7cu!
jonas;Jonas;Schulz;jonas.schulz@example.com;queib4Oy!
markus;Markus;Hoffmann;markus.hoffmann@example.com;Koh6ef4o!
linus;Linus;Schäfer;linus.schaefer@example.com;Aachu2ai!
levi;Levi;Koch;levi.koch@example.com;coh9Koob!
samuel;Samuel;Bauer;samuel.bauer@example.com;oof5ooCu!
lukas;Lukas;Richter;lukas.richter@example.com;xoh6Gigi!
julian;Julian;Klein;julian.klein@example.com;uuCh3Eel!
leo;Leo;Wolf;leo.wolf@example.com;Ooghee3L!
thomas;Thomas;Schröder;thomas.schroeder@example.com;WohPh6io!
jan;Jan;Neumann;jan.neumann@example.com;VaeL6Dah!
tim;Tim;Schwarz;tim.schwarz@example.com;phoh5Rai!
leon;Leon;Zimmermann;leon.zimmermann@example.com;son6aeTa!
jakob;Jakob;Braun;jakob.braun@example.com;uT7aeNi2!
milo;Milo;Krüger;milo.krueger@example.com;Taobee9u!
daniel;Daniel;Hofmann;daniel.hofmann@example.com;oos6buYa!
philipp;Philipp;Hartmann;philipp.hartmann@example.com;et6aeCh6!
alexander;Alexander;Lange;alexander.lange@example.com;ohFee9ma!
matteo;Matteo;Schmitt;matteo.schmitt@example.com;eeWae3ph!
emilia;Emilia;Werner;emilia.werner@example.com;ciep8ieB!
laura;Laura;Schmitz;laura.schmitz@example.com;aJePh4ze!
sarah;Sarah;Krause;sarah.krause@example.com;shai2Yo9!
lina;Lina;Meier;lina.meier@example.com;Mae2ooK5!
ella;Ella;Lehmann;ella.lehmann@example.com;Zai0Eehu!
anna;Anna;Schmid;anna.schmid@example.com;Aimepo9o!
ida;Ida;Schulze;ida.schulze@example.com;RuBoox9e!
leonie;Leonie;Maier;leonie.maier@example.com;Ieghie7o!
lena;Lena;Köhler;lena.koehler@example.com;Afahth2F!
julia;Julia;Hermann;julia.hermann@example.com;AhFan7Ee!
amelie;Amelie;König;amelie.koenig@example.com;loj8ooSh!
lea;Lea;Walter;lea.walter@example.com;eech0OhH!
emma;Emma;Mayer;emma.mayer@example.com;Aich4aep!
mia;Mia;Huber;mia.huber@example.com;ua5Faih2!
marie;Marie;Kaiser;marie.kaiser@example.com;xaht6Oom!
